Constituency Code,Constituency,Constituency URL
E14000530,Aldershot,http://statistics.data.gov.uk/doc/statistical-geography/E14000530
E14000531,Aldridge-Brownhills,http://statistics.data.gov.uk/doc/statistical-geography/E14000531
E14000532,Altrincham and Sale West,http://statistics.data.gov.uk/doc/statistical-geography/E14000532
E14000533,Amber Valley,http://statistics.data.gov.uk/doc/statistical-geography/E14000533
E14000534,Arundel and South Downs,http://statistics.data.gov.uk/doc/statistical-geography/E14000534
E14000535,Ashfield,http://statistics.data.gov.uk/doc/statistical-geography/E14000535
E14000536,Ashford,http://statistics.data.gov.uk/doc/statistical-geography/E14000536
E14000537,Ashton-under-Lyne,http://statistics.data.gov.uk/doc/statistical-geography/E14000537
E14000538,Aylesbury,http://statistics.data.gov.uk/doc/statistical-geography/E14000538
E14000539,Banbury,http://statistics.data.gov.uk/doc/statistical-geography/E14000539
E14000540,Barking,http://statistics.data.gov.uk/doc/statistical-geography/E14000540
E14000541,Barnsley Central,http://statistics.data.gov.uk/doc/statistical-geography/E14000541
E14000542,Barnsley East,http://statistics.data.gov.uk/doc/statistical-geography/E14000542
E14000543,Barrow and Furness,http://statistics.data.gov.uk/doc/statistical-geography/E14000543
E14000544,Basildon and Billericay,http://statistics.data.gov.uk/doc/statistical-geography/E14000544
E14000545,Basingstoke,http://statistics.data.gov.uk/doc/statistical-geography/E14000545
E14000546,Bassetlaw,http://statistics.data.gov.uk/doc/statistical-geography/E14000546
E14000547,Bath,http://statistics.data.gov.uk/doc/statistical-geography/E14000547
E14000548,Batley and Spen,http://statistics.data.gov.uk/doc/statistical-geography/E14000548
E14000549,Battersea,http://statistics.data.gov.uk/doc/statistical-geography/E14000549
E14000550,Beaconsfield,http://statistics.data.gov.uk/doc/statistical-geography/E14000550
E14000551,Beckenham,http://statistics.data.gov.uk/doc/statistical-geography/E14000551
E14000552,Bedford,http://statistics.data.gov.uk/doc/statistical-geography/E14000552
E14000553,Bermondsey and Old Southwark,http://statistics.data.gov.uk/doc/statistical-geography/E14000553
E14000554,Berwick-upon-Tweed,http://statistics.data.gov.uk/doc/statistical-geography/E14000554
E14000555,Bethnal Green and Bow,http://statistics.data.gov.uk/doc/statistical-geography/E14000555
E14000556,Beverley and Holderness,http://statistics.data.gov.uk/doc/statistical-geography/E14000556
E14000557,Bexhill and Battle,http://statistics.data.gov.uk/doc/statistical-geography/E14000557
E14000558,Bexleyheath and Crayford,http://statistics.data.gov.uk/doc/statistical-geography/E14000558
E14000559,Birkenhead,http://statistics.data.gov.uk/doc/statistical-geography/E14000559
E14000560,"Birmingham, Edgbaston",http://statistics.data.gov.uk/doc/statistical-geography/E14000560
E14000561,"Birmingham, Erdington",http://statistics.data.gov.uk/doc/statistical-geography/E14000561
E14000562,"Birmingham, Hall Green",http://statistics.data.gov.uk/doc/statistical-geography/E14000562
E14000563,"Birmingham, Hodge Hill",http://statistics.data.gov.uk/doc/statistical-geography/E14000563
E14000564,"Birmingham, Ladywood",http://statistics.data.gov.uk/doc/statistical-geography/E14000564
E14000565,"Birmingham, Northfield",http://statistics.data.gov.uk/doc/statistical-geography/E14000565
E14000566,"Birmingham, Perry Barr",http://statistics.data.gov.uk/doc/statistical-geography/E14000566
E14000567,"Birmingham, Selly Oak",http://statistics.data.gov.uk/doc/statistical-geography/E14000567
E14000568,"Birmingham, Yardley",http://statistics.data.gov.uk/doc/statistical-geography/E14000568
E14000569,Bishop Auckland,http://statistics.data.gov.uk/doc/statistical-geography/E14000569
E14000570,Blackburn,http://statistics.data.gov.uk/doc/statistical-geography/E14000570
E14000571,Blackley and Broughton,http://statistics.data.gov.uk/doc/statistical-geography/E14000571
E14000572,Blackpool North and Cleveleys,http://statistics.data.gov.uk/doc/statistical-geography/E14000572
E14000573,Blackpool South,http://statistics.data.gov.uk/doc/statistical-geography/E14000573
E14000574,Blaydon,http://statistics.data.gov.uk/doc/statistical-geography/E14000574
E14000575,Blyth Valley,http://statistics.data.gov.uk/doc/statistical-geography/E14000575
E14000576,Bognor Regis and Littlehampton,http://statistics.data.gov.uk/doc/statistical-geography/E14000576
E14000577,Bolsover,http://statistics.data.gov.uk/doc/statistical-geography/E14000577
E14000578,Bolton North East,http://statistics.data.gov.uk/doc/statistical-geography/E14000578
E14000579,Bolton South East,http://statistics.data.gov.uk/doc/statistical-geography/E14000579
E14000580,Bolton West,http://statistics.data.gov.uk/doc/statistical-geography/E14000580
E14000581,Bootle,http://statistics.data.gov.uk/doc/statistical-geography/E14000581
E14000582,Boston and Skegness,http://statistics.data.gov.uk/doc/statistical-geography/E14000582
E14000583,Bosworth,http://statistics.data.gov.uk/doc/statistical-geography/E14000583
E14000584,Bournemouth East,http://statistics.data.gov.uk/doc/statistical-geography/E14000584
E14000585,Bournemouth West,http://statistics.data.gov.uk/doc/statistical-geography/E14000585
E14000586,Bracknell,http://statistics.data.gov.uk/doc/statistical-geography/E14000586
E14000587,Bradford East,http://statistics.data.gov.uk/doc/statistical-geography/E14000587
E14000588,Bradford South,http://statistics.data.gov.uk/doc/statistical-geography/E14000588
E14000589,Bradford West,http://statistics.data.gov.uk/doc/statistical-geography/E14000589
E14000590,Braintree,http://statistics.data.gov.uk/doc/statistical-geography/E14000590
E14000591,Brent Central,http://statistics.data.gov.uk/doc/statistical-geography/E14000591
E14000592,Brent North,http://statistics.data.gov.uk/doc/statistical-geography/E14000592
E14000593,Brentford and Isleworth,http://statistics.data.gov.uk/doc/statistical-geography/E14000593
E14000594,Brentwood and Ongar,http://statistics.data.gov.uk/doc/statistical-geography/E14000594
E14000595,Bridgwater and West Somerset,http://statistics.data.gov.uk/doc/statistical-geography/E14000595
E14000596,Brigg and Goole,http://statistics.data.gov.uk/doc/statistical-geography/E14000596
E14000597,"Brighton, Kemptown",http://statistics.data.gov.uk/doc/statistical-geography/E14000597
E14000598,"Brighton, Pavilion",http://statistics.data.gov.uk/doc/statistical-geography/E14000598
E14000599,Bristol East,http://statistics.data.gov.uk/doc/statistical-geography/E14000599
E14000600,Bristol North West,http://statistics.data.gov.uk/doc/statistical-geography/E14000600
E14000601,Bristol South,http://statistics.data.gov.uk/doc/statistical-geography/E14000601
E14000602,Bristol West,http://statistics.data.gov.uk/doc/statistical-geography/E14000602
E14000603,Broadland,http://statistics.data.gov.uk/doc/statistical-geography/E14000603
E14000604,Bromley and Chislehurst,http://statistics.data.gov.uk/doc/statistical-geography/E14000604
E14000605,Bromsgrove,http://statistics.data.gov.uk/doc/statistical-geography/E14000605
E14000606,Broxbourne,http://statistics.data.gov.uk/doc/statistical-geography/E14000606
E14000607,Broxtowe,http://statistics.data.gov.uk/doc/statistical-geography/E14000607
E14000608,Buckingham,http://statistics.data.gov.uk/doc/statistical-geography/E14000608
E14000609,Burnley,http://statistics.data.gov.uk/doc/statistical-geography/E14000609
E14000610,Burton,http://statistics.data.gov.uk/doc/statistical-geography/E14000610
E14000611,Bury North,http://statistics.data.gov.uk/doc/statistical-geography/E14000611
E14000612,Bury South,http://statistics.data.gov.uk/doc/statistical-geography/E14000612
E14000613,Bury St Edmunds,http://statistics.data.gov.uk/doc/statistical-geography/E14000613
E14000614,Calder Valley,http://statistics.data.gov.uk/doc/statistical-geography/E14000614
E14000615,Camberwell and Peckham,http://statistics.data.gov.uk/doc/statistical-geography/E14000615
E14000616,Camborne and Redruth,http://statistics.data.gov.uk/doc/statistical-geography/E14000616
E14000617,Cambridge,http://statistics.data.gov.uk/doc/statistical-geography/E14000617
E14000618,Cannock Chase,http://statistics.data.gov.uk/doc/statistical-geography/E14000618
E14000619,Canterbury,http://statistics.data.gov.uk/doc/statistical-geography/E14000619
E14000620,Carlisle,http://statistics.data.gov.uk/doc/statistical-geography/E14000620
E14000621,Carshalton and Wallington,http://statistics.data.gov.uk/doc/statistical-geography/E14000621
E14000622,Castle Point,http://statistics.data.gov.uk/doc/statistical-geography/E14000622
E14000623,Central Devon,http://statistics.data.gov.uk/doc/statistical-geography/E14000623
E14000624,Central Suffolk and North Ipswich,http://statistics.data.gov.uk/doc/statistical-geography/E14000624
E14000625,Charnwood,http://statistics.data.gov.uk/doc/statistical-geography/E14000625
E14000626,Chatham and Aylesford,http://statistics.data.gov.uk/doc/statistical-geography/E14000626
E14000627,Cheadle,http://statistics.data.gov.uk/doc/statistical-geography/E14000627
E14000628,Chelmsford,http://statistics.data.gov.uk/doc/statistical-geography/E14000628
E14000629,Chelsea and Fulham,http://statistics.data.gov.uk/doc/statistical-geography/E14000629
E14000630,Cheltenham,http://statistics.data.gov.uk/doc/statistical-geography/E14000630
E14000631,Chesham and Amersham,http://statistics.data.gov.uk/doc/statistical-geography/E14000631
E14000632,Chesterfield,http://statistics.data.gov.uk/doc/statistical-geography/E14000632
E14000633,Chichester,http://statistics.data.gov.uk/doc/statistical-geography/E14000633
E14000634,Chingford and Woodford Green,http://statistics.data.gov.uk/doc/statistical-geography/E14000634
E14000635,Chippenham,http://statistics.data.gov.uk/doc/statistical-geography/E14000635
E14000636,Chipping Barnet,http://statistics.data.gov.uk/doc/statistical-geography/E14000636
E14000637,Chorley,http://statistics.data.gov.uk/doc/statistical-geography/E14000637
E14000638,Christchurch,http://statistics.data.gov.uk/doc/statistical-geography/E14000638
E14000639,Cities of London and Westminster,http://statistics.data.gov.uk/doc/statistical-geography/E14000639
E14000640,City of Chester,http://statistics.data.gov.uk/doc/statistical-geography/E14000640
E14000641,City of Durham,http://statistics.data.gov.uk/doc/statistical-geography/E14000641
E14000642,Clacton,http://statistics.data.gov.uk/doc/statistical-geography/E14000642
E14000643,Cleethorpes,http://statistics.data.gov.uk/doc/statistical-geography/E14000643
E14000644,Colchester,http://statistics.data.gov.uk/doc/statistical-geography/E14000644
E14000645,Colne Valley,http://statistics.data.gov.uk/doc/statistical-geography/E14000645
E14000646,Congleton,http://statistics.data.gov.uk/doc/statistical-geography/E14000646
E14000647,Copeland,http://statistics.data.gov.uk/doc/statistical-geography/E14000647
E14000648,Corby,http://statistics.data.gov.uk/doc/statistical-geography/E14000648
E14000649,Coventry North East,http://statistics.data.gov.uk/doc/statistical-geography/E14000649
E14000650,Coventry North West,http://statistics.data.gov.uk/doc/statistical-geography/E14000650
E14000651,Coventry South,http://statistics.data.gov.uk/doc/statistical-geography/E14000651
E14000652,Crawley,http://statistics.data.gov.uk/doc/statistical-geography/E14000652
E14000653,Crewe and Nantwich,http://statistics.data.gov.uk/doc/statistical-geography/E14000653
E14000654,Croydon Central,http://statistics.data.gov.uk/doc/statistical-geography/E14000654
E14000655,Croydon North,http://statistics.data.gov.uk/doc/statistical-geography/E14000655
E14000656,Croydon South,http://statistics.data.gov.uk/doc/statistical-geography/E14000656
E14000657,Dagenham and Rainham,http://statistics.data.gov.uk/doc/statistical-geography/E14000657
E14000658,Darlington,http://statistics.data.gov.uk/doc/statistical-geography/E14000658
E14000659,Dartford,http://statistics.data.gov.uk/doc/statistical-geography/E14000659
E14000660,Daventry,http://statistics.data.gov.uk/doc/statistical-geography/E14000660
E14000661,Denton and Reddish,http://statistics.data.gov.uk/doc/statistical-geography/E14000661
E14000662,Derby North,http://statistics.data.gov.uk/doc/statistical-geography/E14000662
E14000663,Derby South,http://statistics.data.gov.uk/doc/statistical-geography/E14000663
E14000664,Derbyshire Dales,http://statistics.data.gov.uk/doc/statistical-geography/E14000664
E14000665,Devizes,http://statistics.data.gov.uk/doc/statistical-geography/E14000665
E14000666,Dewsbury,http://statistics.data.gov.uk/doc/statistical-geography/E14000666
E14000667,Don Valley,http://statistics.data.gov.uk/doc/statistical-geography/E14000667
E14000668,Doncaster Central,http://statistics.data.gov.uk/doc/statistical-geography/E14000668
E14000669,Doncaster North,http://statistics.data.gov.uk/doc/statistical-geography/E14000669
E14000670,Dover,http://statistics.data.gov.uk/doc/statistical-geography/E14000670
E14000671,Dudley North,http://statistics.data.gov.uk/doc/statistical-geography/E14000671
E14000672,Dudley South,http://statistics.data.gov.uk/doc/statistical-geography/E14000672
E14000673,Dulwich and West Norwood,http://statistics.data.gov.uk/doc/statistical-geography/E14000673
E14000674,Ealing Central and Acton,http://statistics.data.gov.uk/doc/statistical-geography/E14000674
E14000675,Ealing North,http://statistics.data.gov.uk/doc/statistical-geography/E14000675
E14000676,"Ealing, Southall",http://statistics.data.gov.uk/doc/statistical-geography/E14000676
E14000677,Easington,http://statistics.data.gov.uk/doc/statistical-geography/E14000677
E14000678,East Devon,http://statistics.data.gov.uk/doc/statistical-geography/E14000678
E14000679,East Ham,http://statistics.data.gov.uk/doc/statistical-geography/E14000679
E14000680,East Hampshire,http://statistics.data.gov.uk/doc/statistical-geography/E14000680
E14000681,East Surrey,http://statistics.data.gov.uk/doc/statistical-geography/E14000681
E14000682,East Worthing and Shoreham,http://statistics.data.gov.uk/doc/statistical-geography/E14000682
E14000683,East Yorkshire,http://statistics.data.gov.uk/doc/statistical-geography/E14000683
E14000684,Eastbourne,http://statistics.data.gov.uk/doc/statistical-geography/E14000684
E14000685,Eastleigh,http://statistics.data.gov.uk/doc/statistical-geography/E14000685
E14000686,Eddisbury,http://statistics.data.gov.uk/doc/statistical-geography/E14000686
E14000687,Edmonton,http://statistics.data.gov.uk/doc/statistical-geography/E14000687
E14000688,Ellesmere Port and Neston,http://statistics.data.gov.uk/doc/statistical-geography/E14000688
E14000689,Elmet and Rothwell,http://statistics.data.gov.uk/doc/statistical-geography/E14000689
E14000690,Eltham,http://statistics.data.gov.uk/doc/statistical-geography/E14000690
E14000691,Enfield North,http://statistics.data.gov.uk/doc/statistical-geography/E14000691
E14000692,"Enfield, Southgate",http://statistics.data.gov.uk/doc/statistical-geography/E14000692
E14000693,Epping Forest,http://statistics.data.gov.uk/doc/statistical-geography/E14000693
E14000694,Epsom and Ewell,http://statistics.data.gov.uk/doc/statistical-geography/E14000694
E14000695,Erewash,http://statistics.data.gov.uk/doc/statistical-geography/E14000695
E14000696,Erith and Thamesmead,http://statistics.data.gov.uk/doc/statistical-geography/E14000696
E14000697,Esher and Walton,http://statistics.data.gov.uk/doc/statistical-geography/E14000697
E14000698,Exeter,http://statistics.data.gov.uk/doc/statistical-geography/E14000698
E14000699,Fareham,http://statistics.data.gov.uk/doc/statistical-geography/E14000699
E14000700,Faversham and Mid Kent,http://statistics.data.gov.uk/doc/statistical-geography/E14000700
E14000701,Feltham and Heston,http://statistics.data.gov.uk/doc/statistical-geography/E14000701
E14000702,Filton and Bradley Stoke,http://statistics.data.gov.uk/doc/statistical-geography/E14000702
E14000703,Finchley and Golders Green,http://statistics.data.gov.uk/doc/statistical-geography/E14000703
E14000704,Folkestone and Hythe,http://statistics.data.gov.uk/doc/statistical-geography/E14000704
E14000705,Forest of Dean,http://statistics.data.gov.uk/doc/statistical-geography/E14000705
E14000706,Fylde,http://statistics.data.gov.uk/doc/statistical-geography/E14000706
E14000707,Gainsborough,http://statistics.data.gov.uk/doc/statistical-geography/E14000707
E14000708,Garston and Halewood,http://statistics.data.gov.uk/doc/statistical-geography/E14000708
E14000709,Gateshead,http://statistics.data.gov.uk/doc/statistical-geography/E14000709
E14000710,Gedling,http://statistics.data.gov.uk/doc/statistical-geography/E14000710
E14000711,Gillingham and Rainham,http://statistics.data.gov.uk/doc/statistical-geography/E14000711
E14000712,Gloucester,http://statistics.data.gov.uk/doc/statistical-geography/E14000712
E14000713,Gosport,http://statistics.data.gov.uk/doc/statistical-geography/E14000713
E14000714,Grantham and Stamford,http://statistics.data.gov.uk/doc/statistical-geography/E14000714
E14000715,Gravesham,http://statistics.data.gov.uk/doc/statistical-geography/E14000715
E14000716,Great Grimsby,http://statistics.data.gov.uk/doc/statistical-geography/E14000716
E14000717,Great Yarmouth,http://statistics.data.gov.uk/doc/statistical-geography/E14000717
E14000718,Greenwich and Woolwich,http://statistics.data.gov.uk/doc/statistical-geography/E14000718
E14000719,Guildford,http://statistics.data.gov.uk/doc/statistical-geography/E14000719
E14000720,Hackney North and Stoke Newington,http://statistics.data.gov.uk/doc/statistical-geography/E14000720
E14000721,Hackney South and Shoreditch,http://statistics.data.gov.uk/doc/statistical-geography/E14000721
E14000722,Halesowen and Rowley Regis,http://statistics.data.gov.uk/doc/statistical-geography/E14000722
E14000723,Halifax,http://statistics.data.gov.uk/doc/statistical-geography/E14000723
E14000724,Haltemprice and Howden,http://statistics.data.gov.uk/doc/statistical-geography/E14000724
E14000725,Halton,http://statistics.data.gov.uk/doc/statistical-geography/E14000725
E14000726,Hammersmith,http://statistics.data.gov.uk/doc/statistical-geography/E14000726
E14000727,Hampstead and Kilburn,http://statistics.data.gov.uk/doc/statistical-geography/E14000727
E14000728,Harborough,http://statistics.data.gov.uk/doc/statistical-geography/E14000728
E14000729,Harlow,http://statistics.data.gov.uk/doc/statistical-geography/E14000729
E14000730,Harrogate and Knaresborough,http://statistics.data.gov.uk/doc/statistical-geography/E14000730
E14000731,Harrow East,http://statistics.data.gov.uk/doc/statistical-geography/E14000731
E14000732,Harrow West,http://statistics.data.gov.uk/doc/statistical-geography/E14000732
E14000733,Hartlepool,http://statistics.data.gov.uk/doc/statistical-geography/E14000733
E14000734,Harwich and North Essex,http://statistics.data.gov.uk/doc/statistical-geography/E14000734
E14000735,Hastings and Rye,http://statistics.data.gov.uk/doc/statistical-geography/E14000735
E14000736,Havant,http://statistics.data.gov.uk/doc/statistical-geography/E14000736
E14000737,Hayes and Harlington,http://statistics.data.gov.uk/doc/statistical-geography/E14000737
E14000738,Hazel Grove,http://statistics.data.gov.uk/doc/statistical-geography/E14000738
E14000739,Hemel Hempstead,http://statistics.data.gov.uk/doc/statistical-geography/E14000739
E14000740,Hemsworth,http://statistics.data.gov.uk/doc/statistical-geography/E14000740
E14000741,Hendon,http://statistics.data.gov.uk/doc/statistical-geography/E14000741
E14000742,Henley,http://statistics.data.gov.uk/doc/statistical-geography/E14000742
E14000743,Hereford and South Herefordshire,http://statistics.data.gov.uk/doc/statistical-geography/E14000743
E14000744,Hertford and Stortford,http://statistics.data.gov.uk/doc/statistical-geography/E14000744
E14000745,Hertsmere,http://statistics.data.gov.uk/doc/statistical-geography/E14000745
E14000746,Hexham,http://statistics.data.gov.uk/doc/statistical-geography/E14000746
E14000747,Heywood and Middleton,http://statistics.data.gov.uk/doc/statistical-geography/E14000747
E14000748,High Peak,http://statistics.data.gov.uk/doc/statistical-geography/E14000748
E14000749,Hitchin and Harpenden,http://statistics.data.gov.uk/doc/statistical-geography/E14000749
E14000750,Holborn and St Pancras,http://statistics.data.gov.uk/doc/statistical-geography/E14000750
E14000751,Hornchurch and Upminster,http://statistics.data.gov.uk/doc/statistical-geography/E14000751
E14000752,Hornsey and Wood Green,http://statistics.data.gov.uk/doc/statistical-geography/E14000752
E14000753,Horsham,http://statistics.data.gov.uk/doc/statistical-geography/E14000753
E14000754,Houghton and Sunderland South,http://statistics.data.gov.uk/doc/statistical-geography/E14000754
E14000755,Hove,http://statistics.data.gov.uk/doc/statistical-geography/E14000755
E14000756,Huddersfield,http://statistics.data.gov.uk/doc/statistical-geography/E14000756
E14000757,Huntingdon,http://statistics.data.gov.uk/doc/statistical-geography/E14000757
E14000758,Hyndburn,http://statistics.data.gov.uk/doc/statistical-geography/E14000758
E14000759,Ilford North,http://statistics.data.gov.uk/doc/statistical-geography/E14000759
E14000760,Ilford South,http://statistics.data.gov.uk/doc/statistical-geography/E14000760
E14000761,Ipswich,http://statistics.data.gov.uk/doc/statistical-geography/E14000761
E14000762,Isle of Wight,http://statistics.data.gov.uk/doc/statistical-geography/E14000762
E14000763,Islington North,http://statistics.data.gov.uk/doc/statistical-geography/E14000763
E14000764,Islington South and Finsbury,http://statistics.data.gov.uk/doc/statistical-geography/E14000764
E14000765,Jarrow,http://statistics.data.gov.uk/doc/statistical-geography/E14000765
E14000766,Keighley,http://statistics.data.gov.uk/doc/statistical-geography/E14000766
E14000767,Kenilworth and Southam,http://statistics.data.gov.uk/doc/statistical-geography/E14000767
E14000768,Kensington,http://statistics.data.gov.uk/doc/statistical-geography/E14000768
E14000769,Kettering,http://statistics.data.gov.uk/doc/statistical-geography/E14000769
E14000770,Kingston and Surbiton,http://statistics.data.gov.uk/doc/statistical-geography/E14000770
E14000771,Kingston upon Hull East,http://statistics.data.gov.uk/doc/statistical-geography/E14000771
E14000772,Kingston upon Hull North,http://statistics.data.gov.uk/doc/statistical-geography/E14000772
E14000773,Kingston upon Hull West and Hessle,http://statistics.data.gov.uk/doc/statistical-geography/E14000773
E14000774,Kingswood,http://statistics.data.gov.uk/doc/statistical-geography/E14000774
E14000775,Knowsley,http://statistics.data.gov.uk/doc/statistical-geography/E14000775
E14000776,Lancaster and Fleetwood,http://statistics.data.gov.uk/doc/statistical-geography/E14000776
E14000777,Leeds Central,http://statistics.data.gov.uk/doc/statistical-geography/E14000777
E14000778,Leeds East,http://statistics.data.gov.uk/doc/statistical-geography/E14000778
E14000779,Leeds North East,http://statistics.data.gov.uk/doc/statistical-geography/E14000779
E14000780,Leeds North West,http://statistics.data.gov.uk/doc/statistical-geography/E14000780
E14000781,Leeds West,http://statistics.data.gov.uk/doc/statistical-geography/E14000781
E14000782,Leicester East,http://statistics.data.gov.uk/doc/statistical-geography/E14000782
E14000783,Leicester South,http://statistics.data.gov.uk/doc/statistical-geography/E14000783
E14000784,Leicester West,http://statistics.data.gov.uk/doc/statistical-geography/E14000784
E14000785,Leigh,http://statistics.data.gov.uk/doc/statistical-geography/E14000785
E14000786,Lewes,http://statistics.data.gov.uk/doc/statistical-geography/E14000786
E14000787,Lewisham East,http://statistics.data.gov.uk/doc/statistical-geography/E14000787
E14000788,Lewisham West and Penge,http://statistics.data.gov.uk/doc/statistical-geography/E14000788
E14000789,"Lewisham, Deptford",http://statistics.data.gov.uk/doc/statistical-geography/E14000789
E14000790,Leyton and Wanstead,http://statistics.data.gov.uk/doc/statistical-geography/E14000790
E14000791,Lichfield,http://statistics.data.gov.uk/doc/statistical-geography/E14000791
E14000792,Lincoln,http://statistics.data.gov.uk/doc/statistical-geography/E14000792
E14000793,"Liverpool, Riverside",http://statistics.data.gov.uk/doc/statistical-geography/E14000793
E14000794,"Liverpool, Walton",http://statistics.data.gov.uk/doc/statistical-geography/E14000794
E14000795,"Liverpool, Wavertree",http://statistics.data.gov.uk/doc/statistical-geography/E14000795
E14000796,"Liverpool, West Derby",http://statistics.data.gov.uk/doc/statistical-geography/E14000796
E14000797,Loughborough,http://statistics.data.gov.uk/doc/statistical-geography/E14000797
E14000798,Louth and Horncastle,http://statistics.data.gov.uk/doc/statistical-geography/E14000798
E14000799,Ludlow,http://statistics.data.gov.uk/doc/statistical-geography/E14000799
E14000800,Luton North,http://statistics.data.gov.uk/doc/statistical-geography/E14000800
E14000801,Luton South,http://statistics.data.gov.uk/doc/statistical-geography/E14000801
E14000802,Macclesfield,http://statistics.data.gov.uk/doc/statistical-geography/E14000802
E14000803,Maidenhead,http://statistics.data.gov.uk/doc/statistical-geography/E14000803
E14000804,Maidstone and The Weald,http://statistics.data.gov.uk/doc/statistical-geography/E14000804
E14000805,Makerfield,http://statistics.data.gov.uk/doc/statistical-geography/E14000805
E14000806,Maldon,http://statistics.data.gov.uk/doc/statistical-geography/E14000806
E14000807,Manchester Central,http://statistics.data.gov.uk/doc/statistical-geography/E14000807
E14000808,"Manchester, Gorton",http://statistics.data.gov.uk/doc/statistical-geography/E14000808
E14000809,"Manchester, Withington",http://statistics.data.gov.uk/doc/statistical-geography/E14000809
E14000810,Mansfield,http://statistics.data.gov.uk/doc/statistical-geography/E14000810
E14000811,Meon Valley,http://statistics.data.gov.uk/doc/statistical-geography/E14000811
E14000812,Meriden,http://statistics.data.gov.uk/doc/statistical-geography/E14000812
E14000813,Mid Bedfordshire,http://statistics.data.gov.uk/doc/statistical-geography/E14000813
E14000814,Mid Derbyshire,http://statistics.data.gov.uk/doc/statistical-geography/E14000814
E14000815,Mid Dorset and North Poole,http://statistics.data.gov.uk/doc/statistical-geography/E14000815
E14000816,Mid Norfolk,http://statistics.data.gov.uk/doc/statistical-geography/E14000816
E14000817,Mid Sussex,http://statistics.data.gov.uk/doc/statistical-geography/E14000817
E14000818,Mid Worcestershire,http://statistics.data.gov.uk/doc/statistical-geography/E14000818
E14000819,Middlesbrough,http://statistics.data.gov.uk/doc/statistical-geography/E14000819
E14000820,Middlesbrough South and East Cleveland,http://statistics.data.gov.uk/doc/statistical-geography/E14000820
E14000821,Milton Keynes North,http://statistics.data.gov.uk/doc/statistical-geography/E14000821
E14000822,Milton Keynes South,http://statistics.data.gov.uk/doc/statistical-geography/E14000822
E14000823,Mitcham and Morden,http://statistics.data.gov.uk/doc/statistical-geography/E14000823
E14000824,Mole Valley,http://statistics.data.gov.uk/doc/statistical-geography/E14000824
E14000825,Morecambe and Lunesdale,http://statistics.data.gov.uk/doc/statistical-geography/E14000825
E14000826,Morley and Outwood,http://statistics.data.gov.uk/doc/statistical-geography/E14000826
E14000827,New Forest East,http://statistics.data.gov.uk/doc/statistical-geography/E14000827
E14000828,New Forest West,http://statistics.data.gov.uk/doc/statistical-geography/E14000828
E14000829,Newark,http://statistics.data.gov.uk/doc/statistical-geography/E14000829
E14000830,Newbury,http://statistics.data.gov.uk/doc/statistical-geography/E14000830
E14000831,Newcastle upon Tyne Central,http://statistics.data.gov.uk/doc/statistical-geography/E14000831
E14000832,Newcastle upon Tyne East,http://statistics.data.gov.uk/doc/statistical-geography/E14000832
E14000833,Newcastle upon Tyne North,http://statistics.data.gov.uk/doc/statistical-geography/E14000833
E14000834,Newcastle-under-Lyme,http://statistics.data.gov.uk/doc/statistical-geography/E14000834
E14000835,Newton Abbot,http://statistics.data.gov.uk/doc/statistical-geography/E14000835
E14000836,"Normanton, Pontefract and Castleford",http://statistics.data.gov.uk/doc/statistical-geography/E14000836
E14000837,North Cornwall,http://statistics.data.gov.uk/doc/statistical-geography/E14000837
E14000838,North Devon,http://statistics.data.gov.uk/doc/statistical-geography/E14000838
E14000839,North Dorset,http://statistics.data.gov.uk/doc/statistical-geography/E14000839
E14000840,North Durham,http://statistics.data.gov.uk/doc/statistical-geography/E14000840
E14000841,North East Bedfordshire,http://statistics.data.gov.uk/doc/statistical-geography/E14000841
E14000842,North East Cambridgeshire,http://statistics.data.gov.uk/doc/statistical-geography/E14000842
E14000843,North East Derbyshire,http://statistics.data.gov.uk/doc/statistical-geography/E14000843
E14000844,North East Hampshire,http://statistics.data.gov.uk/doc/statistical-geography/E14000844
E14000845,North East Hertfordshire,http://statistics.data.gov.uk/doc/statistical-geography/E14000845
E14000846,North East Somerset,http://statistics.data.gov.uk/doc/statistical-geography/E14000846
E14000847,North Herefordshire,http://statistics.data.gov.uk/doc/statistical-geography/E14000847
E14000848,North Norfolk,http://statistics.data.gov.uk/doc/statistical-geography/E14000848
E14000849,North Shropshire,http://statistics.data.gov.uk/doc/statistical-geography/E14000849
E14000850,North Somerset,http://statistics.data.gov.uk/doc/statistical-geography/E14000850
E14000851,North Swindon,http://statistics.data.gov.uk/doc/statistical-geography/E14000851
E14000852,North Thanet,http://statistics.data.gov.uk/doc/statistical-geography/E14000852
E14000853,North Tyneside,http://statistics.data.gov.uk/doc/statistical-geography/E14000853
E14000854,North Warwickshire,http://statistics.data.gov.uk/doc/statistical-geography/E14000854
E14000855,North West Cambridgeshire,http://statistics.data.gov.uk/doc/statistical-geography/E14000855
E14000856,North West Durham,http://statistics.data.gov.uk/doc/statistical-geography/E14000856
E14000857,North West Hampshire,http://statistics.data.gov.uk/doc/statistical-geography/E14000857
E14000858,North West Leicestershire,http://statistics.data.gov.uk/doc/statistical-geography/E14000858
E14000859,North West Norfolk,http://statistics.data.gov.uk/doc/statistical-geography/E14000859
E14000860,North Wiltshire,http://statistics.data.gov.uk/doc/statistical-geography/E14000860
E14000861,Northampton North,http://statistics.data.gov.uk/doc/statistical-geography/E14000861
E14000862,Northampton South,http://statistics.data.gov.uk/doc/statistical-geography/E14000862
E14000863,Norwich North,http://statistics.data.gov.uk/doc/statistical-geography/E14000863
E14000864,Norwich South,http://statistics.data.gov.uk/doc/statistical-geography/E14000864
E14000865,Nottingham East,http://statistics.data.gov.uk/doc/statistical-geography/E14000865
E14000866,Nottingham North,http://statistics.data.gov.uk/doc/statistical-geography/E14000866
E14000867,Nottingham South,http://statistics.data.gov.uk/doc/statistical-geography/E14000867
E14000868,Nuneaton,http://statistics.data.gov.uk/doc/statistical-geography/E14000868
E14000869,Old Bexley and Sidcup,http://statistics.data.gov.uk/doc/statistical-geography/E14000869
E14000870,Oldham East and Saddleworth,http://statistics.data.gov.uk/doc/statistical-geography/E14000870
E14000871,Oldham West and Royton,http://statistics.data.gov.uk/doc/statistical-geography/E14000871
E14000872,Orpington,http://statistics.data.gov.uk/doc/statistical-geography/E14000872
E14000873,Oxford East,http://statistics.data.gov.uk/doc/statistical-geography/E14000873
E14000874,Oxford West and Abingdon,http://statistics.data.gov.uk/doc/statistical-geography/E14000874
E14000875,Pendle,http://statistics.data.gov.uk/doc/statistical-geography/E14000875
E14000876,Penistone and Stocksbridge,http://statistics.data.gov.uk/doc/statistical-geography/E14000876
E14000877,Penrith and The Border,http://statistics.data.gov.uk/doc/statistical-geography/E14000877
E14000878,Peterborough,http://statistics.data.gov.uk/doc/statistical-geography/E14000878
E14000879,"Plymouth, Moor View",http://statistics.data.gov.uk/doc/statistical-geography/E14000879
E14000880,"Plymouth, Sutton and Devonport",http://statistics.data.gov.uk/doc/statistical-geography/E14000880
E14000881,Poole,http://statistics.data.gov.uk/doc/statistical-geography/E14000881
E14000882,Poplar and Limehouse,http://statistics.data.gov.uk/doc/statistical-geography/E14000882
E14000883,Portsmouth North ,http://statistics.data.gov.uk/doc/statistical-geography/E14000883
E14000884,Portsmouth South,http://statistics.data.gov.uk/doc/statistical-geography/E14000884
E14000885,Preston,http://statistics.data.gov.uk/doc/statistical-geography/E14000885
E14000886,Pudsey,http://statistics.data.gov.uk/doc/statistical-geography/E14000886
E14000887,Putney,http://statistics.data.gov.uk/doc/statistical-geography/E14000887
E14000888,Rayleigh and Wickford,http://statistics.data.gov.uk/doc/statistical-geography/E14000888
E14000889,Reading East,http://statistics.data.gov.uk/doc/statistical-geography/E14000889
E14000890,Reading West,http://statistics.data.gov.uk/doc/statistical-geography/E14000890
E14000891,Redcar,http://statistics.data.gov.uk/doc/statistical-geography/E14000891
E14000892,Redditch,http://statistics.data.gov.uk/doc/statistical-geography/E14000892
E14000893,Reigate,http://statistics.data.gov.uk/doc/statistical-geography/E14000893
E14000894,Ribble Valley,http://statistics.data.gov.uk/doc/statistical-geography/E14000894
E14000895,Richmond (Yorks),http://statistics.data.gov.uk/doc/statistical-geography/E14000895
E14000896,Richmond Park,http://statistics.data.gov.uk/doc/statistical-geography/E14000896
E14000897,Rochdale,http://statistics.data.gov.uk/doc/statistical-geography/E14000897
E14000898,Rochester and Strood,http://statistics.data.gov.uk/doc/statistical-geography/E14000898
E14000899,Rochford and Southend East,http://statistics.data.gov.uk/doc/statistical-geography/E14000899
E14000900,Romford,http://statistics.data.gov.uk/doc/statistical-geography/E14000900
E14000901,Romsey and Southampton North,http://statistics.data.gov.uk/doc/statistical-geography/E14000901
E14000902,Rossendale and Darwen,http://statistics.data.gov.uk/doc/statistical-geography/E14000902
E14000903,Rother Valley,http://statistics.data.gov.uk/doc/statistical-geography/E14000903
E14000904,Rotherham,http://statistics.data.gov.uk/doc/statistical-geography/E14000904
E14000905,Rugby,http://statistics.data.gov.uk/doc/statistical-geography/E14000905
E14000906,"Ruislip, Northwood and Pinner",http://statistics.data.gov.uk/doc/statistical-geography/E14000906
E14000907,Runnymede and Weybridge,http://statistics.data.gov.uk/doc/statistical-geography/E14000907
E14000908,Rushcliffe,http://statistics.data.gov.uk/doc/statistical-geography/E14000908
E14000909,Rutland and Melton,http://statistics.data.gov.uk/doc/statistical-geography/E14000909
E14000910,Saffron Walden,http://statistics.data.gov.uk/doc/statistical-geography/E14000910
E14000911,Salford and Eccles,http://statistics.data.gov.uk/doc/statistical-geography/E14000911
E14000912,Salisbury,http://statistics.data.gov.uk/doc/statistical-geography/E14000912
E14000913,Scarborough and Whitby,http://statistics.data.gov.uk/doc/statistical-geography/E14000913
E14000914,Scunthorpe,http://statistics.data.gov.uk/doc/statistical-geography/E14000914
E14000915,Sedgefield,http://statistics.data.gov.uk/doc/statistical-geography/E14000915
E14000916,Sefton Central,http://statistics.data.gov.uk/doc/statistical-geography/E14000916
E14000917,Selby and Ainsty,http://statistics.data.gov.uk/doc/statistical-geography/E14000917
E14000918,Sevenoaks,http://statistics.data.gov.uk/doc/statistical-geography/E14000918
E14000919,Sheffield Central,http://statistics.data.gov.uk/doc/statistical-geography/E14000919
E14000920,Sheffield South East,http://statistics.data.gov.uk/doc/statistical-geography/E14000920
E14000921,"Sheffield, Brightside and Hillsborough",http://statistics.data.gov.uk/doc/statistical-geography/E14000921
E14000922,"Sheffield, Hallam",http://statistics.data.gov.uk/doc/statistical-geography/E14000922
E14000923,"Sheffield, Heeley",http://statistics.data.gov.uk/doc/statistical-geography/E14000923
E14000924,Sherwood,http://statistics.data.gov.uk/doc/statistical-geography/E14000924
E14000925,Shipley,http://statistics.data.gov.uk/doc/statistical-geography/E14000925
E14000926,Shrewsbury and Atcham,http://statistics.data.gov.uk/doc/statistical-geography/E14000926
E14000927,Sittingbourne and Sheppey,http://statistics.data.gov.uk/doc/statistical-geography/E14000927
E14000928,Skipton and Ripon,http://statistics.data.gov.uk/doc/statistical-geography/E14000928
E14000929,Sleaford and North Hykeham,http://statistics.data.gov.uk/doc/statistical-geography/E14000929
E14000930,Slough,http://statistics.data.gov.uk/doc/statistical-geography/E14000930
E14000931,Solihull,http://statistics.data.gov.uk/doc/statistical-geography/E14000931
E14000932,Somerton and Frome,http://statistics.data.gov.uk/doc/statistical-geography/E14000932
E14000933,South Basildon and East Thurrock,http://statistics.data.gov.uk/doc/statistical-geography/E14000933
E14000934,South Cambridgeshire,http://statistics.data.gov.uk/doc/statistical-geography/E14000934
E14000935,South Derbyshire,http://statistics.data.gov.uk/doc/statistical-geography/E14000935
E14000936,South Dorset,http://statistics.data.gov.uk/doc/statistical-geography/E14000936
E14000937,South East Cambridgeshire,http://statistics.data.gov.uk/doc/statistical-geography/E14000937
E14000938,South East Cornwall,http://statistics.data.gov.uk/doc/statistical-geography/E14000938
E14000939,South Holland and The Deepings,http://statistics.data.gov.uk/doc/statistical-geography/E14000939
E14000940,South Leicestershire,http://statistics.data.gov.uk/doc/statistical-geography/E14000940
E14000941,South Norfolk,http://statistics.data.gov.uk/doc/statistical-geography/E14000941
E14000942,South Northamptonshire,http://statistics.data.gov.uk/doc/statistical-geography/E14000942
E14000943,South Ribble,http://statistics.data.gov.uk/doc/statistical-geography/E14000943
E14000944,South Shields,http://statistics.data.gov.uk/doc/statistical-geography/E14000944
E14000945,South Staffordshire,http://statistics.data.gov.uk/doc/statistical-geography/E14000945
E14000946,South Suffolk,http://statistics.data.gov.uk/doc/statistical-geography/E14000946
E14000947,South Swindon,http://statistics.data.gov.uk/doc/statistical-geography/E14000947
E14000948,South Thanet,http://statistics.data.gov.uk/doc/statistical-geography/E14000948
E14000949,South West Bedfordshire,http://statistics.data.gov.uk/doc/statistical-geography/E14000949
E14000950,South West Devon,http://statistics.data.gov.uk/doc/statistical-geography/E14000950
E14000951,South West Hertfordshire,http://statistics.data.gov.uk/doc/statistical-geography/E14000951
E14000952,South West Norfolk,http://statistics.data.gov.uk/doc/statistical-geography/E14000952
E14000953,South West Surrey,http://statistics.data.gov.uk/doc/statistical-geography/E14000953
E14000954,South West Wiltshire,http://statistics.data.gov.uk/doc/statistical-geography/E14000954
E14000955,"Southampton, Itchen",http://statistics.data.gov.uk/doc/statistical-geography/E14000955
E14000956,"Southampton, Test",http://statistics.data.gov.uk/doc/statistical-geography/E14000956
E14000957,Southend West,http://statistics.data.gov.uk/doc/statistical-geography/E14000957
E14000958,Southport,http://statistics.data.gov.uk/doc/statistical-geography/E14000958
E14000959,Spelthorne,http://statistics.data.gov.uk/doc/statistical-geography/E14000959
E14000960,St Albans,http://statistics.data.gov.uk/doc/statistical-geography/E14000960
E14000961,St Austell and Newquay,http://statistics.data.gov.uk/doc/statistical-geography/E14000961
E14000962,St Helens North,http://statistics.data.gov.uk/doc/statistical-geography/E14000962
E14000963,St Helens South and Whiston,http://statistics.data.gov.uk/doc/statistical-geography/E14000963
E14000964,St Ives,http://statistics.data.gov.uk/doc/statistical-geography/E14000964
E14000965,Stafford,http://statistics.data.gov.uk/doc/statistical-geography/E14000965
E14000966,Staffordshire Moorlands,http://statistics.data.gov.uk/doc/statistical-geography/E14000966
E14000967,Stalybridge and Hyde,http://statistics.data.gov.uk/doc/statistical-geography/E14000967
E14000968,Stevenage,http://statistics.data.gov.uk/doc/statistical-geography/E14000968
E14000969,Stockport,http://statistics.data.gov.uk/doc/statistical-geography/E14000969
E14000970,Stockton North,http://statistics.data.gov.uk/doc/statistical-geography/E14000970
E14000971,Stockton South,http://statistics.data.gov.uk/doc/statistical-geography/E14000971
E14000972,Stoke-on-Trent Central,http://statistics.data.gov.uk/doc/statistical-geography/E14000972
E14000973,Stoke-on-Trent North,http://statistics.data.gov.uk/doc/statistical-geography/E14000973
E14000974,Stoke-on-Trent South,http://statistics.data.gov.uk/doc/statistical-geography/E14000974
E14000975,Stone,http://statistics.data.gov.uk/doc/statistical-geography/E14000975
E14000976,Stourbridge,http://statistics.data.gov.uk/doc/statistical-geography/E14000976
E14000977,Stratford-on-Avon,http://statistics.data.gov.uk/doc/statistical-geography/E14000977
E14000978,Streatham,http://statistics.data.gov.uk/doc/statistical-geography/E14000978
E14000979,Stretford and Urmston,http://statistics.data.gov.uk/doc/statistical-geography/E14000979
E14000980,Stroud,http://statistics.data.gov.uk/doc/statistical-geography/E14000980
E14000981,Suffolk Coastal,http://statistics.data.gov.uk/doc/statistical-geography/E14000981
E14000982,Sunderland Central,http://statistics.data.gov.uk/doc/statistical-geography/E14000982
E14000983,Surrey Heath,http://statistics.data.gov.uk/doc/statistical-geography/E14000983
E14000984,Sutton and Cheam,http://statistics.data.gov.uk/doc/statistical-geography/E14000984
E14000985,Sutton Coldfield,http://statistics.data.gov.uk/doc/statistical-geography/E14000985
E14000986,Tamworth,http://statistics.data.gov.uk/doc/statistical-geography/E14000986
E14000987,Tatton,http://statistics.data.gov.uk/doc/statistical-geography/E14000987
E14000988,Taunton Deane,http://statistics.data.gov.uk/doc/statistical-geography/E14000988
E14000989,Telford,http://statistics.data.gov.uk/doc/statistical-geography/E14000989
E14000990,Tewkesbury,http://statistics.data.gov.uk/doc/statistical-geography/E14000990
E14000991,The Cotswolds,http://statistics.data.gov.uk/doc/statistical-geography/E14000991
E14000992,The Wrekin,http://statistics.data.gov.uk/doc/statistical-geography/E14000992
E14000993,Thirsk and Malton,http://statistics.data.gov.uk/doc/statistical-geography/E14000993
E14000994,Thornbury and Yate,http://statistics.data.gov.uk/doc/statistical-geography/E14000994
E14000995,Thurrock,http://statistics.data.gov.uk/doc/statistical-geography/E14000995
E14000996,Tiverton and Honiton,http://statistics.data.gov.uk/doc/statistical-geography/E14000996
E14000997,Tonbridge and Malling,http://statistics.data.gov.uk/doc/statistical-geography/E14000997
E14000998,Tooting,http://statistics.data.gov.uk/doc/statistical-geography/E14000998
E14000999,Torbay,http://statistics.data.gov.uk/doc/statistical-geography/E14000999
E14001000,Torridge and West Devon,http://statistics.data.gov.uk/doc/statistical-geography/E14001000
E14001001,Totnes,http://statistics.data.gov.uk/doc/statistical-geography/E14001001
E14001002,Tottenham,http://statistics.data.gov.uk/doc/statistical-geography/E14001002
E14001003,Truro and Falmouth,http://statistics.data.gov.uk/doc/statistical-geography/E14001003
E14001004,Tunbridge Wells,http://statistics.data.gov.uk/doc/statistical-geography/E14001004
E14001005,Twickenham,http://statistics.data.gov.uk/doc/statistical-geography/E14001005
E14001006,Tynemouth,http://statistics.data.gov.uk/doc/statistical-geography/E14001006
E14001007,Uxbridge and South Ruislip,http://statistics.data.gov.uk/doc/statistical-geography/E14001007
E14001008,Vauxhall,http://statistics.data.gov.uk/doc/statistical-geography/E14001008
E14001009,Wakefield,http://statistics.data.gov.uk/doc/statistical-geography/E14001009
E14001010,Wallasey,http://statistics.data.gov.uk/doc/statistical-geography/E14001010
E14001011,Walsall North,http://statistics.data.gov.uk/doc/statistical-geography/E14001011
E14001012,Walsall South,http://statistics.data.gov.uk/doc/statistical-geography/E14001012
E14001013,Walthamstow,http://statistics.data.gov.uk/doc/statistical-geography/E14001013
E14001014,Wansbeck,http://statistics.data.gov.uk/doc/statistical-geography/E14001014
E14001015,Wantage,http://statistics.data.gov.uk/doc/statistical-geography/E14001015
E14001016,Warley,http://statistics.data.gov.uk/doc/statistical-geography/E14001016
E14001017,Warrington North,http://statistics.data.gov.uk/doc/statistical-geography/E14001017
E14001018,Warrington South,http://statistics.data.gov.uk/doc/statistical-geography/E14001018
E14001019,Warwick and Leamington,http://statistics.data.gov.uk/doc/statistical-geography/E14001019
E14001020,Washington and Sunderland West,http://statistics.data.gov.uk/doc/statistical-geography/E14001020
E14001021,Watford,http://statistics.data.gov.uk/doc/statistical-geography/E14001021
E14001022,Waveney,http://statistics.data.gov.uk/doc/statistical-geography/E14001022
E14001023,Wealden,http://statistics.data.gov.uk/doc/statistical-geography/E14001023
E14001024,Weaver Vale,http://statistics.data.gov.uk/doc/statistical-geography/E14001024
E14001025,Wellingborough,http://statistics.data.gov.uk/doc/statistical-geography/E14001025
E14001026,Wells,http://statistics.data.gov.uk/doc/statistical-geography/E14001026
E14001027,Welwyn Hatfield,http://statistics.data.gov.uk/doc/statistical-geography/E14001027
E14001028,Wentworth and Dearne,http://statistics.data.gov.uk/doc/statistical-geography/E14001028
E14001029,West Bromwich East,http://statistics.data.gov.uk/doc/statistical-geography/E14001029
E14001030,West Bromwich West,http://statistics.data.gov.uk/doc/statistical-geography/E14001030
E14001031,West Dorset,http://statistics.data.gov.uk/doc/statistical-geography/E14001031
E14001032,West Ham,http://statistics.data.gov.uk/doc/statistical-geography/E14001032
E14001033,West Lancashire,http://statistics.data.gov.uk/doc/statistical-geography/E14001033
E14001034,West Suffolk,http://statistics.data.gov.uk/doc/statistical-geography/E14001034
E14001035,West Worcestershire,http://statistics.data.gov.uk/doc/statistical-geography/E14001035
E14001036,Westminster North,http://statistics.data.gov.uk/doc/statistical-geography/E14001036
E14001037,Westmorland and Lonsdale,http://statistics.data.gov.uk/doc/statistical-geography/E14001037
E14001038,Weston-Super-Mare,http://statistics.data.gov.uk/doc/statistical-geography/E14001038
E14001039,Wigan,http://statistics.data.gov.uk/doc/statistical-geography/E14001039
E14001040,Wimbledon,http://statistics.data.gov.uk/doc/statistical-geography/E14001040
E14001041,Winchester,http://statistics.data.gov.uk/doc/statistical-geography/E14001041
E14001042,Windsor,http://statistics.data.gov.uk/doc/statistical-geography/E14001042
E14001043,Wirral South,http://statistics.data.gov.uk/doc/statistical-geography/E14001043
E14001044,Wirral West,http://statistics.data.gov.uk/doc/statistical-geography/E14001044
E14001045,Witham,http://statistics.data.gov.uk/doc/statistical-geography/E14001045
E14001046,Witney,http://statistics.data.gov.uk/doc/statistical-geography/E14001046
E14001047,Woking,http://statistics.data.gov.uk/doc/statistical-geography/E14001047
E14001048,Wokingham,http://statistics.data.gov.uk/doc/statistical-geography/E14001048
E14001049,Wolverhampton North East,http://statistics.data.gov.uk/doc/statistical-geography/E14001049
E14001050,Wolverhampton South East,http://statistics.data.gov.uk/doc/statistical-geography/E14001050
E14001051,Wolverhampton South West,http://statistics.data.gov.uk/doc/statistical-geography/E14001051
E14001052,Worcester,http://statistics.data.gov.uk/doc/statistical-geography/E14001052
E14001053,Workington,http://statistics.data.gov.uk/doc/statistical-geography/E14001053
E14001054,Worsley and Eccles South,http://statistics.data.gov.uk/doc/statistical-geography/E14001054
E14001055,Worthing West,http://statistics.data.gov.uk/doc/statistical-geography/E14001055
E14001056,Wycombe,http://statistics.data.gov.uk/doc/statistical-geography/E14001056
E14001057,Wyre and Preston North,http://statistics.data.gov.uk/doc/statistical-geography/E14001057
E14001058,Wyre Forest,http://statistics.data.gov.uk/doc/statistical-geography/E14001058
E14001059,Wythenshawe and Sale East,http://statistics.data.gov.uk/doc/statistical-geography/E14001059
E14001060,Yeovil,http://statistics.data.gov.uk/doc/statistical-geography/E14001060
E14001061,York Central,http://statistics.data.gov.uk/doc/statistical-geography/E14001061
E14001062,York Outer,http://statistics.data.gov.uk/doc/statistical-geography/E14001062
N06000001,Belfast East,http://statistics.data.gov.uk/doc/statistical-geography/N06000001
N06000002,Belfast North,http://statistics.data.gov.uk/doc/statistical-geography/N06000002
N06000003,Belfast South,http://statistics.data.gov.uk/doc/statistical-geography/N06000003
N06000004,Belfast West,http://statistics.data.gov.uk/doc/statistical-geography/N06000004
N06000005,East Antrim,http://statistics.data.gov.uk/doc/statistical-geography/N06000005
N06000006,East Londonderry,http://statistics.data.gov.uk/doc/statistical-geography/N06000006
N06000007,Fermanagh and South Tyrone,http://statistics.data.gov.uk/doc/statistical-geography/N06000007
N06000008,Foyle,http://statistics.data.gov.uk/doc/statistical-geography/N06000008
N06000009,Lagan Valley,http://statistics.data.gov.uk/doc/statistical-geography/N06000009
N06000010,Mid Ulster,http://statistics.data.gov.uk/doc/statistical-geography/N06000010
N06000011,Newry and Armagh,http://statistics.data.gov.uk/doc/statistical-geography/N06000011
N06000012,North Antrim,http://statistics.data.gov.uk/doc/statistical-geography/N06000012
N06000013,North Down,http://statistics.data.gov.uk/doc/statistical-geography/N06000013
N06000014,South Antrim,http://statistics.data.gov.uk/doc/statistical-geography/N06000014
N06000015,South Down,http://statistics.data.gov.uk/doc/statistical-geography/N06000015
N06000016,Strangford,http://statistics.data.gov.uk/doc/statistical-geography/N06000016
N06000017,Upper Bann,http://statistics.data.gov.uk/doc/statistical-geography/N06000017
N06000018,West Tyrone,http://statistics.data.gov.uk/doc/statistical-geography/N06000018
S14000001,Aberdeen North,http://statistics.data.gov.uk/doc/statistical-geography/S14000001
S14000002,Aberdeen South,http://statistics.data.gov.uk/doc/statistical-geography/S14000002
S14000003,Airdrie and Shotts,http://statistics.data.gov.uk/doc/statistical-geography/S14000003
S14000004,Angus,http://statistics.data.gov.uk/doc/statistical-geography/S14000004
S14000005,Argyll and Bute,http://statistics.data.gov.uk/doc/statistical-geography/S14000005
S14000006,"Ayr, Carrick and Cumnock",http://statistics.data.gov.uk/doc/statistical-geography/S14000006
S14000007,Banff and Buchan,http://statistics.data.gov.uk/doc/statistical-geography/S14000007
S14000008,"Berwickshire, Roxburgh and Selkirk",http://statistics.data.gov.uk/doc/statistical-geography/S14000008
S14000009,"Caithness, Sutherland and Easter Ross",http://statistics.data.gov.uk/doc/statistical-geography/S14000009
S14000010,Central Ayrshire,http://statistics.data.gov.uk/doc/statistical-geography/S14000010
S14000011,"Coatbridge, Chryston and Bellshill",http://statistics.data.gov.uk/doc/statistical-geography/S14000011
S14000012,"Cumbernauld, Kilsyth and Kirkintilloch East",http://statistics.data.gov.uk/doc/statistical-geography/S14000012
S14000013,Dumfries and Galloway,http://statistics.data.gov.uk/doc/statistical-geography/S14000013
S14000014,"Dumfriesshire, Clydesdale and Tweeddale",http://statistics.data.gov.uk/doc/statistical-geography/S14000014
S14000015,Dundee East,http://statistics.data.gov.uk/doc/statistical-geography/S14000015
S14000016,Dundee West,http://statistics.data.gov.uk/doc/statistical-geography/S14000016
S14000017,Dunfermline and West Fife,http://statistics.data.gov.uk/doc/statistical-geography/S14000017
S14000018,East Dunbartonshire,http://statistics.data.gov.uk/doc/statistical-geography/S14000018
S14000019,"East Kilbride, Strathaven and Lesmahagow",http://statistics.data.gov.uk/doc/statistical-geography/S14000019
S14000020,East Lothian,http://statistics.data.gov.uk/doc/statistical-geography/S14000020
S14000021,East Renfrewshire,http://statistics.data.gov.uk/doc/statistical-geography/S14000021
S14000022,Edinburgh East,http://statistics.data.gov.uk/doc/statistical-geography/S14000022
S14000023,Edinburgh North and Leith,http://statistics.data.gov.uk/doc/statistical-geography/S14000023
S14000024,Edinburgh South,http://statistics.data.gov.uk/doc/statistical-geography/S14000024
S14000025,Edinburgh South West,http://statistics.data.gov.uk/doc/statistical-geography/S14000025
S14000026,Edinburgh West,http://statistics.data.gov.uk/doc/statistical-geography/S14000026
S14000027,Na h-Eileanan an Iar,http://statistics.data.gov.uk/doc/statistical-geography/S14000027
S14000028,Falkirk,http://statistics.data.gov.uk/doc/statistical-geography/S14000028
S14000029,Glasgow Central,http://statistics.data.gov.uk/doc/statistical-geography/S14000029
S14000030,Glasgow East,http://statistics.data.gov.uk/doc/statistical-geography/S14000030
S14000031,Glasgow North,http://statistics.data.gov.uk/doc/statistical-geography/S14000031
S14000032,Glasgow North East,http://statistics.data.gov.uk/doc/statistical-geography/S14000032
S14000033,Glasgow North West,http://statistics.data.gov.uk/doc/statistical-geography/S14000033
S14000034,Glasgow South,http://statistics.data.gov.uk/doc/statistical-geography/S14000034
S14000035,Glasgow South West,http://statistics.data.gov.uk/doc/statistical-geography/S14000035
S14000036,Glenrothes,http://statistics.data.gov.uk/doc/statistical-geography/S14000036
S14000037,Gordon,http://statistics.data.gov.uk/doc/statistical-geography/S14000037
S14000038,Inverclyde,http://statistics.data.gov.uk/doc/statistical-geography/S14000038
S14000039,"Inverness, Nairn, Badenoch and Strathspey",http://statistics.data.gov.uk/doc/statistical-geography/S14000039
S14000040,Kilmarnock and Loudoun,http://statistics.data.gov.uk/doc/statistical-geography/S14000040
S14000041,Kirkcaldy and Cowdenbeath,http://statistics.data.gov.uk/doc/statistical-geography/S14000041
S14000042,Lanark and Hamilton East,http://statistics.data.gov.uk/doc/statistical-geography/S14000042
S14000043,Linlithgow and East Falkirk,http://statistics.data.gov.uk/doc/statistical-geography/S14000043
S14000044,Livingston,http://statistics.data.gov.uk/doc/statistical-geography/S14000044
S14000045,Midlothian,http://statistics.data.gov.uk/doc/statistical-geography/S14000045
S14000046,Moray,http://statistics.data.gov.uk/doc/statistical-geography/S14000046
S14000047,Motherwell and Wishaw,http://statistics.data.gov.uk/doc/statistical-geography/S14000047
S14000048,North Ayrshire and Arran,http://statistics.data.gov.uk/doc/statistical-geography/S14000048
S14000049,North East Fife,http://statistics.data.gov.uk/doc/statistical-geography/S14000049
S14000050,Ochil and South Perthshire,http://statistics.data.gov.uk/doc/statistical-geography/S14000050
S14000051,Orkney and Shetland,http://statistics.data.gov.uk/doc/statistical-geography/S14000051
S14000052,Paisley and Renfrewshire North,http://statistics.data.gov.uk/doc/statistical-geography/S14000052
S14000053,Paisley and Renfrewshire South,http://statistics.data.gov.uk/doc/statistical-geography/S14000053
S14000054,Perth and North Perthshire,http://statistics.data.gov.uk/doc/statistical-geography/S14000054
S14000055,"Ross, Skye and Lochaber",http://statistics.data.gov.uk/doc/statistical-geography/S14000055
S14000056,Rutherglen and Hamilton West,http://statistics.data.gov.uk/doc/statistical-geography/S14000056
S14000057,Stirling,http://statistics.data.gov.uk/doc/statistical-geography/S14000057
S14000058,West Aberdeenshire and Kincardine,http://statistics.data.gov.uk/doc/statistical-geography/S14000058
S14000059,West Dunbartonshire,http://statistics.data.gov.uk/doc/statistical-geography/S14000059
W07000041,Ynys Mn,http://statistics.data.gov.uk/doc/statistical-geography/W07000041
W07000042,Delyn,http://statistics.data.gov.uk/doc/statistical-geography/W07000042
W07000043,Alyn and Deeside,http://statistics.data.gov.uk/doc/statistical-geography/W07000043
W07000044,Wrexham,http://statistics.data.gov.uk/doc/statistical-geography/W07000044
W07000045,Llanelli,http://statistics.data.gov.uk/doc/statistical-geography/W07000045
W07000046,Gower,http://statistics.data.gov.uk/doc/statistical-geography/W07000046
W07000047,Swansea West,http://statistics.data.gov.uk/doc/statistical-geography/W07000047
W07000048,Swansea East,http://statistics.data.gov.uk/doc/statistical-geography/W07000048
W07000049,Aberavon,http://statistics.data.gov.uk/doc/statistical-geography/W07000049
W07000050,Cardiff Central,http://statistics.data.gov.uk/doc/statistical-geography/W07000050
W07000051,Cardiff North,http://statistics.data.gov.uk/doc/statistical-geography/W07000051
W07000052,Rhondda,http://statistics.data.gov.uk/doc/statistical-geography/W07000052
W07000053,Torfaen,http://statistics.data.gov.uk/doc/statistical-geography/W07000053
W07000054,Monmouth,http://statistics.data.gov.uk/doc/statistical-geography/W07000054
W07000055,Newport East,http://statistics.data.gov.uk/doc/statistical-geography/W07000055
W07000056,Newport West,http://statistics.data.gov.uk/doc/statistical-geography/W07000056
W07000057,Arfon,http://statistics.data.gov.uk/doc/statistical-geography/W07000057
W07000058,Aberconwy,http://statistics.data.gov.uk/doc/statistical-geography/W07000058
W07000059,Clwyd West,http://statistics.data.gov.uk/doc/statistical-geography/W07000059
W07000060,Vale of Clwyd,http://statistics.data.gov.uk/doc/statistical-geography/W07000060
W07000061,Dwyfor Meirionnydd,http://statistics.data.gov.uk/doc/statistical-geography/W07000061
W07000062,Clwyd South,http://statistics.data.gov.uk/doc/statistical-geography/W07000062
W07000063,Montgomeryshire,http://statistics.data.gov.uk/doc/statistical-geography/W07000063
W07000064,Ceredigion,http://statistics.data.gov.uk/doc/statistical-geography/W07000064
W07000065,Preseli Pembrokeshire,http://statistics.data.gov.uk/doc/statistical-geography/W07000065
W07000066,Carmarthen West and South Pembrokeshire,http://statistics.data.gov.uk/doc/statistical-geography/W07000066
W07000067,Carmarthen East and Dinefwr,http://statistics.data.gov.uk/doc/statistical-geography/W07000067
W07000068,Brecon and Radnorshire,http://statistics.data.gov.uk/doc/statistical-geography/W07000068
W07000069,Neath,http://statistics.data.gov.uk/doc/statistical-geography/W07000069
W07000070,Cynon Valley,http://statistics.data.gov.uk/doc/statistical-geography/W07000070
W07000071,Merthyr Tydfil and Rhymney,http://statistics.data.gov.uk/doc/statistical-geography/W07000071
W07000072,Blaenau Gwent,http://statistics.data.gov.uk/doc/statistical-geography/W07000072
W07000073,Bridgend,http://statistics.data.gov.uk/doc/statistical-geography/W07000073
W07000074,Ogmore,http://statistics.data.gov.uk/doc/statistical-geography/W07000074
W07000075,Pontypridd,http://statistics.data.gov.uk/doc/statistical-geography/W07000075
W07000076,Caerphilly,http://statistics.data.gov.uk/doc/statistical-geography/W07000076
W07000077,Islwyn,http://statistics.data.gov.uk/doc/statistical-geography/W07000077
W07000078,Vale of Glamorgan,http://statistics.data.gov.uk/doc/statistical-geography/W07000078
W07000079,Cardiff West,http://statistics.data.gov.uk/doc/statistical-geography/W07000079
W07000080,Cardiff South and Penarth,http://statistics.data.gov.uk/doc/statistical-geography/W07000080
